--
-- Dumping data for table employee
--

INSERT INTO employee (id, last_name, first_name, email, password, admin_flag, update_date) VALUES
(1,'坂田','晃輝','test@gmail.com','$2y$10$QSukgcKC8We4gVB6yeTfFeSGzhymFxAfoKm/QfJnE9FlrYC/7eHvu', 1, '2025-02-09 18:24:28'),
(2,'戸川','秀幸','th1@tm.com','$2y$10$syB2Dhd4uXbFcrUEmh7iq.vmHmoH56W8h.wW0NDiT6cdFG9Dtfkve', 1, '2024-09-20 18:37:27'),
(3,'浜崎','のりたか','hgjp2@it.com','$2y$10$f35Aba0Frz6IhyIJIIS0buPcGpro6LKHPw7G9YBmBXfghy5LZQDD.', 1, '2025-02-15 03:05:16'),
(4,'富田','太郎','xne13@pm.com','$2y$10$Vpgcxg7XPEk6aSXGiupnpuKjpyZ1Q05vlKRYSq.QorAR7qTBD95S6', 0, '2024-09-20 18:37:27'),
(5,'丸尾','末男','htk4@iu.com','$2y$10$CIzfvHjS7/fWx42KG4j1TenTtvjgrfFf22DEebqrAn1EemmHSQvRe', 0, '2025-03-06 02:28:44'),
(6,'関口','しんじ','qaz5@wy.com','$2y$10$5l2WmWj5VRG1mjx20jc0S.S.fGgCJ7AyZ4uNuosgpsRfMZVqCVKc2', 0, '2025-03-06 02:30:22'),
(7,'花輪','和彦','dln6@kh.com','$2y$10$30MeREg.th70MZezIVeUh.PHVGJ1tB8oytPpV9s4gZfXayDPgWZf2', 0, '2024-09-20 18:37:27'),
(8,'永沢','君男','pfo7@dr.com','$2y$10$bamPhcIeva2178obzxAOxe916Co4juakOMhLC1ob9OfAWvz6SbYRe', 0, '2024-09-20 18:37:27'),
(9,'藤木','茂','wvb8@ep.com','$2y$10$l8Qcp9exT0DS1pFXo.qhAeqO51a4DrqiKhUxqdDNls.mHDV6E1sU2', 0, '2024-09-20 18:37:27'),
(10,'山根','強','ry9s@al.com','$2y$10$bxHPtVwQQkK9iUhErfqx0uiMvPsZNOVLsR15A62MRwGstwst.59oi', 0, '2024-09-20 18:37:27'),
(11,'小杉','太','xqi13@uz.com','$2y$10$Ocj3PwwbyEKVNM7xp.qd.u2NsNRQBHPmgwhlKJOKvjPSHjBZWrHVa', 0, '2024-09-20 18:37:27'),
(12,'山田','笑太','fbt14@yv.com','$2y$10$DrJ/kiLqK5tRL/8i5FVwQubwBx4.ykvEQeX7ZGxuQ6EDAsbTjF9lO', 0, '2024-09-20 18:37:27'),
(13,'大野','けんいち','zld15@cj.com','$2y$10$4rTR2cX1mKppS4KNJoQtmuzpVNKqoPPr/lx2cwWOvsuyQyOmPTm32', 0, '2024-09-20 18:37:27'),
(14,'杉山','さとし','kwu16@xs.com','$2y$10$8UlNLtc8OGMiiGJIWuQRkumk0XCGKwV7kKv9Ix2AKlQ4L6V8V9jVK', 0, '2024-09-20 18:37:27'),
(15,'長山','治','vhg27@rm.com','$2y$10$N1QNRoAKfqnFcZgPwWRJMe4ZiQmhc.l1KStyimlQGNgfC0e9NI38m', 0, '2024-09-20 18:37:27'),
(16,'長谷川','健太','em4544n@pf.com','$2y$10$s7fEggfvcv5dFCGUGWAtUur5yYwNT1F0x7XTEBv1FDddYKrcNZ5BG', 0, '2024-09-20 18:37:27'),
(17,'さくら','ももこ','yci39@bt.com','$2y$10$QDT3VmFBDXrx46CdkA.sGu97Ee.Og3cZhVqNJFBQ5hFXHVxJbgGT6', 0, '2024-09-20 18:37:27'),
(18,'穂波','たまえ','lfm40@kx.com','$2y$10$dJx4rDQu/blps9uzbWZFVOPQJUpcrhNqT.f0Fztt2Q4J/0l/lxwcu', 0, '2024-09-20 18:37:27'),
(19,'みぎわ','花子','uta41@ng.com','$2y$10$bMVzzbXL1/0aqUVD8KX9J.XraQTcY373l4clnGOv.cVAeWkVTJK26', 0, '2024-09-20 18:37:27'),
(20,'土橋','とし子','rpw42@jd.com','$2y$10$9pGqBur3tg5UY/CrRPW1secRtI5jeBwyxZa/npSRcXiJbUrpUrOB2', 0, '2024-09-20 18:37:27'),
(21,'城ヶ崎','姫子','mdk43@zq.com','$2y$10$jrc6guQU1zedVlvgcr.nbelaGnt98NGmhASnusSpBsQCmCKZsqJNG', 0, '2024-09-20 18:37:27'),
(22,'笹山','かず子','bwe44@on.com','$2y$10$38fF2yB4GTUd1azqAajWwO7VQg5KEciiTcHvP6c10zSWJHkwLFzDa', 0, '2024-09-20 18:37:27'),
(23,'野口','笑子','gjp45@it.com','$2y$10$8d/Y2FE0XuG1FmjOGRYQhuDbOoHwblvtcc07LoB9sWewe3QWcloSW', 0, '2024-09-20 18:37:27'),
(24,'前田','ひろみ','xne56@pm.com','$2y$10$cDu9AmLwDzMN.58ut3PLP.Hc6bQhaczyCEsj6aW9yy2pkxgPhl0je', 0, '2024-09-20 18:37:27'),
(25,'冬田','美鈴','htk67@iu.com','$2y$10$uZUbuaJXF5w4rIw8aJVs5OZHaYdnsLxPUYxGDMMMvdUbIMh8pIyfe', 0, '2024-09-20 18:37:27'),
(26,'山田','かよ子','qaz1543@wy.com','$2y$10$5v2Kid3J4tdOotTUClg7AemvAHNdhivpCSQ/iQ8PK2F98cdaff.n2', 0, '2024-09-20 18:37:27'),
-- 追加データ（27-100人目）
(27,'田中','一郎','tanaka.ichiro@company.com','$2y$10$oZ0lzyyN4UdpuZLDo03CSe4KNOfJ/v0EsbgQ5LU1paUNHs1WySQva', 0, '2024-01-15 09:30:00'),
(28,'佐藤','花子','sato.hanako@company.com','$2y$10$q1uyHttVWIk/rzg04yJSQeESrnokV90tGaepYlC2NnmKhcJr3pacm', 0, '2024-01-16 10:15:00'),
(29,'鈴木','次郎','suzuki.jiro@company.com','$2y$10$2PEIq0F.fh4S4epnTzIuOuADSbDxGBeX4PPZqcV3ehB0uqGBFPzPK', 0, '2024-01-17 11:20:00'),
(30,'高橋','美咲','takahashi.misaki@company.com','$2y$10$rmTXmJj9wz4yn6fnoEMHjeNbSuTQOaDxcoRQUugGD/fZIn.NFE.Vi', 0, '2024-01-18 12:45:00'),
(31,'渡辺','健','watanabe.ken@company.com','$2y$10$82AEqoeTHZnFXhbWujUjZusGECITjwR8jP8O.5YYCkyuYsgQ4hJvO', 0, '2024-01-19 13:30:00'),
(32,'伊藤','由美','ito.yumi@company.com','$2y$10$8wleplFYzVPW5Yfc8.9h2ua9yX7AZghpbEnqqAII0D8Y0Mh2bsTsG', 0, '2024-01-20 14:15:00'),
(33,'山本','大輔','yamamoto.daisuke@company.com','$2y$10$HuK9xceNWwH6Iimc0aoprevOohKIJHj9/ZzGz6kzJdndef4MflG5O', 1, '2024-01-21 15:00:00'),
(34,'中村','明美','nakamura.akemi@company.com','$2y$10$YNCUFxa2G0ja2L85c9VzeO3PrHIs4VChZTPkGPXMigNgFcZoVB9t6', 0, '2024-01-22 16:30:00'),
(35,'小林','拓也','kobayashi.takuya@company.com','$2y$10$23ksSouLg2Q7e6.jn8rF6.pe1AGBfqRmHM2CSaxskcgFLOzETHiDe', 0, '2024-01-23 08:45:00'),
(36,'加藤','恵子','kato.keiko@company.com','$2y$10$x6H/6rVOf3PrXEgeXWmqLezHUTk98mMqdj4sYryC2hNGdNlqEbbU6', 0, '2024-01-24 09:15:00'),
(37,'吉田','雄介','yoshida.yusuke@company.com','$2y$10$GkQ3emozKYX1g2M.97ufaOtMzXPgsN/GlRjzGqHTDBup5./O/ye2i', 0, '2024-01-25 10:30:00'),
(38,'山田','香織','yamada.kaori@company.com','$2y$10$Hdrgs37AVYk74VSSAHWRBO6/usk9aV6DSon21aZqqsEfEwU04m.xS', 0, '2024-01-26 11:45:00'),
(39,'佐々木','弘','sasaki.hiroshi@company.com','$2y$10$61W7L8DNdmsiNEArfibfFOoqFX/TJXMjPcx1C/FIi3MXmcb5ObAki', 1, '2024-01-27 12:30:00'),
(40,'松本','真理','matsumoto.mari@company.com','$2y$10$zZJxha1eMh0HJUeI70YD5OWAZI10z9.Ds0OR7CQnVNzvAFVoeSi6S', 0, '2024-01-28 13:15:00'),
(41,'井上','康夫','inoue.yasuo@company.com','$2y$10$soZi34h4JhrsFKdSDxBEXuHYxbsQrDuMvE4ZBWUh3bg3WUbaHuYYO', 0, '2024-01-29 14:00:00'),
(42,'木村','綾子','kimura.ayako@company.com','$2y$10$US7zii6XZaqRN9OYoYai.ut5H0g4NsBVbgb/bF.WOMDV9woMfYKry', 0, '2024-01-30 15:30:00'),
(43,'林','正男','hayashi.masao@company.com','$2y$10$LJ3/yJvtzyVAnuuYZ7Jl4.KBfwq4fFkzdcZ2XoXL2p9TEOYlL9ACC', 0, '2024-01-31 16:15:00'),
(44,'清水','智子','shimizu.tomoko@company.com','$2y$10$O9XeLbZ2a6j5Ai4ju4Q0S.c5sLttqxDSzVYEGH5xAPkcM9cZTAICO', 0, '2024-02-01 08:30:00'),
(45,'山口','和也','yamaguchi.kazuya@company.com','$2y$10$hfMGnJ3VvA9kN.ULjgKVJO.v5dK7LUOZ4FWcj.fMcTFztLtu95BEW', 0, '2024-02-02 09:45:00'),
(46,'森','千春','mori.chiharu@company.com','$2y$10$5NUKZJC7ZClE7vrqOVTc7ekqC9NmL4mYTDmfXFnJc/5MwWnsTyIOe', 0, '2024-02-03 10:20:00'),
(47,'池田','俊一','ikeda.shunichi@company.com','$2y$10$nKPcVaBoM/I4hVgOfnjOju6l71Js2jb.S8/Sju6LCA7ZYO19wuuBa', 0, '2024-02-04 11:35:00'),
(48,'橋本','恵美','hashimoto.emi@company.com','$2y$10$YlOpT1Vp1t7C.Wu/b8UF8OEPkDUToyGNJt/TzYZezEECNESWK4CQ2', 0, '2024-02-05 12:50:00'),
(49,'斎藤','光男','saito.mitsuo@company.com','$2y$10$Sz7lJzO4acf29q1Hbj.ap.JpFSV.ONTT2KB.PXGtD88/dabW28KtW', 0, '2024-02-06 13:25:00'),
(50,'三浦','裕子','miura.yuko@company.com','$2y$10$y1dJyJmyLZB/LVdp.7FTrOII35n/LfTx6Sr0S9gZQPYjkygxt4YQ2', 1, '2024-02-07 14:10:00'),
(51,'青木','昭夫','aoki.akio@company.com','$2y$10$Z7u9MmgGBU4SFUBk8txZRe2Xcj46xEIYLgP27D6WnA9ye59bdaBiK', 0, '2024-02-08 15:55:00'),
(52,'藤田','麻衣','fujita.mai@company.com','$2y$10$Xrek8gm32AVpNuTkwY/jKunyfvn4uIRQOnvkf8dMU1opyNgILWE8O', 0, '2024-02-09 16:40:00'),
(53,'西村','隆','nishimura.takashi@company.com','$2y$10$bR/5k.vVV8XI5QKgMmYe8OM/DzXJnkaUVtkM0rkdrihbulBOaGGFC', 0, '2024-02-10 08:15:00'),
(54,'福田','愛','fukuda.ai@company.com','$2y$10$SJZGkIBkb4ZaxHMANkTSWeEMIX4zWmcJlkdy0lCmgYft8HJ3B1uqO', 0, '2024-02-11 09:00:00'),
(55,'太田','勝','ota.masaru@company.com','$2y$10$CLkqz8bddmSeaoW.mKKGt.K78xZoJepnitJHMfplLGp5zFOKb4XFq', 0, '2024-02-12 10:45:00'),
(56,'岡田','由紀','okada.yuki@company.com','$2y$10$fF/Oz/BQYh1.QtDLPwGU1.oYBKDZgM4zxZd8kK1730pd2uCRcUN2G', 0, '2024-02-13 11:30:00'),
(57,'長田','慎二','nagata.shinji@company.com','$2y$10$l6vBhwWY7LzUw5BoUBI7oO0CkC/1h66fKWqH4b4UMvpfPVjCgXTem', 0, '2024-02-14 12:15:00'),
(58,'村田','京子','murata.kyoko@company.com','$2y$10$Te.H4Hx5meJdVsy5iESmVuA35wt4SSUXuX0KJ4A3DTSjYKCQMKphS', 0, '2024-02-15 13:00:00'),
(59,'近藤','栄治','kondo.eiji@company.com','$2y$10$Ckl/R.VwrBBjdIxRP9.fqOISIBXIunG/vh5DFhnIBdhnYaJLnjmwW', 0, '2024-02-16 14:45:00'),
(60,'石川','順子','ishikawa.junko@company.com','$2y$10$VJYS2mKfIYmubf.5Hz9omu7GUHK5v87HWbMS85pn5vfuPoS6E.qM6', 0, '2024-02-17 15:30:00'),
(61,'前川','豊','maekawa.yutaka@company.com','$2y$10$MnYya14o9Th7XAMy3V61UOH.uU/tDkEsVOg52Sj1h./ZZppdyW5RO', 0, '2024-02-18 16:15:00'),
(62,'岩田','文子','iwata.fumiko@company.com','$2y$10$bFLVZkcfn9MO2nJ6inkcxumeZZV/.9g2Z8EUXmgcU.dqvN8ECQ1KK', 0, '2024-02-19 08:45:00'),
(63,'原田','修','harada.osamu@company.com','$2y$10$.URgvkIpnY/1p6KOoY5cBeX9h9SJrmdGJ6Tn8wUeOYvqLXdXLV8cK', 0, '2024-02-20 09:30:00'),
(64,'酒井','直美','sakai.naomi@company.com','$2y$10$/Sad8S5VFu6Qner7pDr07.tvEzhds5RvBMb1ERt9U43LUtpXe/tfS', 1, '2024-02-21 10:15:00'),
(65,'竹内','聡','takeuchi.satoshi@company.com','$2y$10$FJT14sc3.BqfNRcTWPemQO43CWdr4PEtKSe3beeQ.6gKFcyIrHhmi', 0, '2024-02-22 11:00:00'),
(66,'橋口','理恵','hashiguchi.rie@company.com','$2y$10$l9SIIcXW4A.UKyIxxMKr7eyzMy6mkBwyDVrOWKfZF31U2uA2EOsFq', 0, '2024-02-23 12:45:00'),
(67,'金子','哲也','kaneko.tetsuya@company.com','$2y$10$G6.MGP.W14SRKG8v1S5ljuLfwNjdT4Af8kIhGGjOrezBUcn62fjUi', 0, '2024-02-24 13:30:00'),
(68,'山下','美和','yamashita.miwa@company.com','$2y$10$HHGyJhQitiUVxwtmmUzeaOn7be8teXibYI6NKZ3pntkf.0VCZLfcO', 0, '2024-02-25 14:15:00'),
(69,'森田','信夫','morita.nobuo@company.com','$2y$10$3MZquw5WDAphCXD8u6iP3elRKFgxsG9247IuiMSzH1b1.kMgOk1tG', 0, '2024-02-26 15:00:00'),
(70,'小川','良子','ogawa.ryoko@company.com','$2y$10$ERrPic.wvAqJr2lhpHhAIOeUTlchAHslB.gyRFe03KStcCHSd.mEy', 0, '2024-02-27 16:45:00'),
(71,'中島','剛','nakajima.go@company.com','$2y$10$HWfQ6LdbFAbfs5KUtpccUu3a3bqAo9nObT/Jrnp9nohpdzVpS/q6W', 0, '2024-02-28 08:20:00'),
(72,'平野','洋子','hirano.yoko@company.com','$2y$10$7EmUcs6eG1NU2/nojRv.2.2Rzi3Q9RZ9c4cjcUHHQW2le1pNf3Igm', 0, '2024-03-01 09:05:00'),
(73,'田村','博','tamura.hiroshi@company.com','$2y$10$NRjIK7AGTRPwbER486KI5O1ezMRr1zGeooyMF.Lunf2/nVFrDrtHu', 0, '2024-03-02 10:50:00'),
(74,'増田','静香','masuda.shizuka@company.com','$2y$10$HaQmFW143PMoBKedh0dQ6.hoE3IqFBv1B4cKQLpMqyX74B1crjvhe', 0, '2024-03-03 11:35:00'),
(75,'小野','武','ono.takeshi@company.com','$2y$10$xvj9T2YeKaqMdDPUaMYd5Oj3dHC48b3JWCR5IXZK.oUsVWcYl4DBy', 0, '2024-03-04 12:20:00'),
(76,'宮本','春菜','miyamoto.haruna@company.com','$2y$10$UarXD1uZCoEh/HO02v./qO5EbSUcyw/KszPdNhXC4aoJsvypD8p1K', 0, '2024-03-05 13:05:00'),
(77,'服部','英一','hattori.eiichi@company.com','$2y$10$MdJjepOVyhaZWL7/ozRE2uXrRsXh0vnN3LbuBCi92CPF2RkoU1JUW', 1, '2024-03-06 14:50:00'),
(78,'野村','美香','nomura.mika@company.com','$2y$10$CN2urj7AYt1ZFVi2QazNfuEEECc8vfECl5kv1PXNL0z.E9xiTj2aC', 0, '2024-03-07 15:35:00'),
(79,'大塚','浩二','otsuka.koji@company.com','$2y$10$3mkptah6iNvOkis5Boikm.dyig9ygedkMrZ5Ru/FJx0rpB9h9GoLu', 0, '2024-03-08 16:20:00'),
(80,'千葉','久美','chiba.kumi@company.com','$2y$10$SuR7cugTe9dWb8uyg5sloeDHkFfQcAmDaVvGdgCJpJl6ORUdT5IuC', 0, '2024-03-09 08:55:00'),
(81,'坂本','宏','sakamoto.hiroshi@company.com','$2y$10$.gyVfJlTFfQzEpu03QZrE.doFFKr3J/56HeVuRkp3RIvMf/IooYK6', 0, '2024-03-10 09:40:00'),
(82,'内田','真由美','uchida.mayumi@company.com','$2y$10$GPV9yYTAyg5/pl8c6Q0qXeSMRPcOrT1W5PYr3ILCMtoDtOawbx9Lq', 0, '2024-03-11 10:25:00'),
(83,'横山','孝','yokoyama.takashi@company.com','$2y$10$MMbdNxpX1OKbeNa1ukO8m.VlypIsKswx.K03ukAt05Q3sqtDhP3u6', 0, '2024-03-12 11:10:00'),
(84,'水野','和美','mizuno.kazumi@company.com','$2y$10$CmTaD59V2MR3ApxDe7/KwOwzrGLOD6KAWK3vfuUOugq.6dpwg5v6i', 0, '2024-03-13 12:55:00'),
(85,'新井','章','arai.akira@company.com','$2y$10$PQEtCeZuePJm3ZzkIsjMduAhNFxYZil4r5nUTrhtusP0kpPDXNeJu', 0, '2024-03-14 13:40:00'),
(86,'高田','典子','takada.noriko@company.com','$2y$10$k3m.GvgWUdpQPxR9wpQVCuuZeD44qaN6yjdp889T1cERybSQ1BTru', 0, '2024-03-15 14:25:00'),
(87,'松田','悟','matsuda.satoru@company.com','$2y$10$07O4Uza/rOc8qAJYcbkfDeI9RIiPEI.anMQcxhTdlPKlQYyeJJeRW', 0, '2024-03-16 15:10:00'),
(88,'菊地','麻子','kikuchi.asako@company.com','$2y$10$GiH4ceqMNke/Hm1AfWxBwueEo.QjhkGYiHYMTy02IDw8r3D.M3zL.', 0, '2024-03-17 16:55:00'),
(89,'榎本','隆志','enomoto.takashi@company.com','$2y$10$ZJ1qQCisKSJ/B7DRnlMmUuG7FkYvTjoFBkxV5YLmJ7N9rxXDNanDK', 0, '2024-03-18 08:30:00'),
(90,'大谷','恵理','otani.eri@company.com','$2y$10$Ds/ZVh28YG/53Yt34Z2jZOzJp8Fk5f4a2R49GAiSUdV9r/J7Jekrm', 1, '2024-03-19 09:15:00'),
(91,'小島','賢','kojima.ken@company.com','$2y$10$LKKBX.udChq0qndRt4pIWOZfm6cV7xpLgcjJ7v00d2e.B4gaklaYW', 0, '2024-03-20 10:00:00'),
(92,'望月','香苗','mochizuki.kanae@company.com','$2y$10$sW0NVAZdLb1363ypZ75ilOxyD7B7fRplgRvk4nZ1RT/0HZxL76yPe', 0, '2024-03-21 11:45:00'),
(93,'関','昌弘','seki.masahiro@company.com','$2y$10$44Hnr1y7GDCMgekCOpWOGeYyc4aF19/WGaAVNwD8JYlyGcjtJH5Ci', 0, '2024-03-22 12:30:00'),
(94,'沢田','千代','sawada.chiyo@company.com','$2y$10$j5wJGghWWYTJ5RT/76z3BOIBEbUTQo6p0f8R882QCDRiwgDeZAXhO', 0, '2024-03-23 13:15:00'),
(95,'谷口','勉','taniguchi.tsutomu@company.com','$2y$10$W88JQ92HJkshbZYj087azOYKBfeK6tlfYVHEPA7NdTwjZ2sNUh3me', 0, '2024-03-24 14:00:00'),
(96,'片山','純子','katayama.junko@company.com','$2y$10$8h6bTB8dwukdSVzwVpr.SesvOuKZe5EjsVdvNFyImM4K/R0uTM6Xi', 0, '2024-03-25 15:45:00'),
(97,'永田','勇','nagata.isamu@company.com','$2y$10$9F10TOj3lGk83tGwjdC.FOZwBs3tKpMm3c15VDPvARGy5Ymh3Uly6', 0, '2024-03-26 16:30:00'),
(98,'江口','みどり','eguchi.midori@company.com','$2y$10$QJw2GDOFgtGPLUT6FlsBe.UXVT9dhGeXicPQTNPRkw.3bFABRHpSe', 0, '2024-03-27 08:05:00'),
(99,'大島','健二','oshima.kenji@company.com','$2y$10$08ElHrn4S1GPTEbqcTMX5Ob4RjeuZoVHY2Tpr047yNfK..knAuKSe', 0, '2024-03-28 09:50:00'),
(100,'松井','亜希子','matsui.akiko@company.com','$2y$10$Qz3ILoiOLi2mwAwCH/MfLe1NxWz.yGOk1QQFRcGei1Lsyf.mVHHEa', 0, '2024-03-29 10:35:00'),
(101,'テスト','太郎','test.user@example.com','$2y$10$xlnO4Qyzljqefm.bb7qAguPwb53bVXfH.diMCCqQftMFT3NJlTu8.', 0, '2025-01-05 09:00:00'),
(102,'テスト','管理者','admin.user@example.com','$2y$10$kLwIT2EJSn.bx3IbVQ255.C/1rQaxPrnH0MYWxR0PUE4eDQwWUdge', 1, '2025-01-05 09:05:00');

--
-- Dumping data for table log_history
--

INSERT INTO log_history (id, display_name, operation_type, stamp_time, employee_id, update_employee_id, update_date) VALUES (1,1,1,'2024-09-28 06:27:34',3,3,'2023-09-28 06:27:35'),(2,1,2,'2024-09-28 06:27:52',3,3,'2024-09-28 06:27:53'),(3,2,3,NULL,NULL,4,'2022-09-28 06:28:36'),(4,2,3,NULL,NULL,4,'2021-09-28 06:29:13'),(5,2,5,NULL,NULL,4,'2024-09-28 06:29:32'),(6,2,4,NULL,NULL,4,'2024-09-28 06:29:50'),(7,3,3,NULL,36,4,'1999-09-28 06:30:36'),(8,3,3,NULL,36,4,'2024-09-28 06:31:06'),(9,4,3,NULL,3,4,'2024-09-28 06:33:43'),(10,3,3,NULL,37,3,'2024-09-28 06:37:16'),(11,3,4,NULL,NULL,3,'2024-09-28 06:37:22'),(12,4,3,NULL,4,3,'2024-09-28 06:48:25'),(13,4,3,NULL,4,3,'2024-09-28 06:49:01'),(14,4,3,NULL,4,3,'2024-09-28 06:49:20'),(15,4,3,NULL,4,3,'2024-09-28 06:49:37'),(16,1,1,'2024-09-28 14:02:32',3,3,'2024-09-28 14:02:33'),(17,1,2,'2024-09-28 14:02:34',3,3,'2024-09-28 14:02:35'),(18,1,2,'2024-09-28 14:02:36',3,3,'2024-09-28 14:02:36'),(19,2,3,NULL,NULL,3,'2024-09-28 14:15:23'),(20,2,4,NULL,NULL,3,'2024-09-28 14:15:36'),(21,2,4,NULL,NULL,3,'2024-09-28 14:15:47'),(22,2,3,NULL,NULL,3,'2024-09-28 14:16:04'),(23,4,3,NULL,3,3,'2024-09-28 14:31:28'),(24,2,3,NULL,NULL,3,'2024-09-28 14:32:05'),(25,2,3,NULL,NULL,3,'2024-09-28 14:32:11'),(26,3,3,NULL,5,3,'2024-09-28 15:12:46'),(27,3,4,NULL,NULL,3,'2024-09-28 15:16:54'),(28,3,3,NULL,38,3,'2024-09-28 15:17:07'),(29,3,3,NULL,39,3,'2024-09-28 15:17:17'),(30,1,1,'2024-12-18 11:20:36',3,3,'2024-12-18 11:20:36'),(31,2,3,NULL,NULL,3,'2024-12-18 12:07:27'),(32,2,5,NULL,NULL,3,'2024-12-18 12:07:44'),(33,2,4,NULL,NULL,3,'2024-12-18 12:07:55'),(34,1,1,'2024-12-18 12:19:51',3,3,'2024-12-18 12:19:52'),(35,1,2,'2024-12-18 12:19:52',3,3,'2024-12-18 12:19:53'),(36,1,1,'2024-12-18 12:19:55',3,3,'2024-12-18 12:19:56'),(37,2,3,NULL,NULL,3,'2024-12-18 12:20:21'),(38,2,3,NULL,NULL,3,'2024-12-18 12:20:31'),(39,2,4,NULL,NULL,3,'2024-12-18 12:20:38'),(40,2,5,NULL,NULL,3,'2024-12-18 12:20:53'),(41,3,3,NULL,36,3,'2024-12-18 12:21:15'),(42,3,4,NULL,NULL,3,'2024-12-18 12:21:26'),(43,4,3,NULL,38,3,'2024-12-18 12:21:54'),(44,3,3,NULL,39,3,'2025-02-06 06:46:33'),(45,3,4,NULL,NULL,3,'2025-02-10 03:22:41'),(46,3,4,NULL,NULL,3,'2025-02-10 03:22:52'),(47,3,3,NULL,5,3,'2025-02-10 03:23:23'),(48,3,3,NULL,5,3,'2025-02-10 03:23:44'),(49,3,3,NULL,3,3,'2025-02-10 03:24:28'),(50,1,1,'2025-02-10 04:49:08',3,3,'2025-02-10 04:49:08'),(51,1,2,'2025-02-10 04:49:12',3,3,'2025-02-10 04:49:13'),(52,1,2,'2025-02-10 04:49:27',3,3,'2025-02-10 04:49:28'),(53,1,2,'2025-02-10 04:50:02',3,3,'2025-02-10 04:50:02'),(54,3,3,NULL,5,3,'2025-02-15 12:05:16'),(55,1,1,'2025-02-15 13:10:10',3,3,'2025-02-15 13:19:11'),(56,1,1,'2025-02-15 13:27:27',3,3,'2025-02-15 13:20:28'),(57,1,2,'2025-02-15 13:34:34',3,3,'2025-02-15 13:20:35'),(58,1,1,'2025-02-15 13:43:43',3,3,'2025-02-15 13:21:44'),(59,1,1,'2025-02-15 13:43:43',3,3,'2025-02-15 13:25:33'),(60,1,1,'2025-02-15 13:43:43',3,3,'2025-02-15 13:25:35'),(61,1,2,'2025-02-15 13:37:37',3,3,'2025-02-15 13:25:38'),(62,1,1,'2025-02-15 13:41:41',3,3,'2025-02-15 13:25:41'),(63,2,5,NULL,NULL,3,'2025-02-15 14:29:45'),(64,2,5,NULL,NULL,3,'2025-02-15 14:35:16'),(65,2,5,NULL,NULL,3,'2025-02-15 14:35:43'),(66,2,5,NULL,NULL,3,'2025-02-15 14:35:53'),(67,2,5,NULL,NULL,3,'2025-02-15 14:36:01'),(68,3,3,NULL,6,3,'2025-02-15 14:53:19'),(69,3,3,NULL,5,3,'2025-02-15 14:53:32'),(70,3,3,NULL,5,3,'2025-02-15 14:53:37'),(71,3,3,NULL,40,3,'2025-02-15 14:54:36'),(72,4,3,NULL,5,3,'2025-02-15 15:06:07'),(73,4,3,NULL,5,3,'2025-02-15 15:06:36'),(74,1,1,'2025-02-22 01:17:01',3,3,'2025-02-22 01:17:01'),(75,1,2,'2025-02-22 01:17:09',3,3,'2025-02-22 01:17:10'),(76,1,1,'2025-02-22 01:21:47',3,3,'2025-02-22 01:21:47'),(77,1,2,'2025-02-22 01:21:54',3,3,'2025-02-22 01:21:54'),(78,4,3,NULL,4,1,'2025-02-26 01:59:02'),(79,4,3,NULL,4,1,'2025-02-26 01:59:19'),(80,4,3,NULL,4,1,'2025-02-26 02:34:21'),(81,4,3,NULL,4,1,'2025-02-26 02:34:29'),(82,4,3,NULL,4,1,'2025-02-26 02:34:31'),(83,4,3,NULL,4,1,'2025-02-26 02:34:32'),(84,4,3,NULL,4,1,'2025-02-26 02:34:33'),(85,4,3,NULL,4,1,'2025-02-26 02:34:34'),(86,4,3,NULL,4,1,'2025-02-26 02:34:34'),(87,4,3,NULL,4,1,'2025-02-26 02:34:50'),(88,4,3,NULL,4,1,'2025-02-26 02:35:28'),(89,4,3,NULL,4,1,'2025-02-26 02:35:42'),(90,4,3,NULL,4,1,'2025-02-26 02:35:44'),(91,4,3,NULL,4,1,'2025-02-26 02:35:44'),(92,4,3,NULL,4,1,'2025-02-26 02:35:46'),(93,4,3,NULL,4,1,'2025-02-26 02:36:16'),(94,4,3,NULL,4,1,'2025-02-26 02:36:25'),(95,4,3,NULL,4,1,'2025-02-26 02:36:32'),(96,4,3,NULL,4,1,'2025-02-26 02:36:36'),(97,4,3,NULL,4,1,'2025-02-26 02:36:50'),(98,4,3,NULL,4,1,'2025-02-26 02:37:18'),(99,4,3,NULL,4,1,'2025-02-26 02:37:20'),(100,4,3,NULL,4,1,'2025-02-26 02:37:23'),(101,4,3,NULL,4,1,'2025-02-26 02:37:25'),(102,4,3,NULL,4,1,'2025-02-26 02:37:57'),(103,4,3,NULL,4,1,'2025-02-26 02:56:54'),(104,4,3,NULL,4,1,'2025-02-26 03:04:26'),(105,4,3,NULL,4,1,'2025-02-26 03:28:52'),(106,4,3,NULL,4,1,'2025-02-26 03:31:01'),(107,2,5,NULL,NULL,3,'2025-02-28 03:19:16'),(108,2,5,NULL,NULL,3,'2025-02-28 03:42:30'),(109,2,5,NULL,NULL,3,'2025-02-28 03:42:42'),(110,2,5,NULL,NULL,3,'2025-02-28 03:48:27'),(111,2,5,NULL,NULL,3,'2025-02-28 06:36:13'),(112,2,5,NULL,NULL,3,'2025-02-28 06:42:13'),(113,2,5,NULL,NULL,3,'2025-02-28 07:30:32'),(114,2,5,NULL,NULL,3,'2025-02-28 07:35:03'),(115,2,5,NULL,NULL,3,'2025-02-28 07:35:15'),(116,1,1,'2025-03-06 01:13:49',3,3,'2025-03-06 01:13:50'),(117,1,2,'2025-03-06 01:13:55',3,3,'2025-03-06 01:13:56'),(118,1,1,'2025-03-06 02:04:13',3,3,'2025-03-06 02:04:14'),(119,1,2,'2025-03-06 02:04:15',3,3,'2025-03-06 02:04:15'),(120,1,2,'2025-03-06 02:07:35',3,3,'2025-03-06 02:07:36'),(121,2,5,NULL,NULL,3,'2025-03-06 02:24:15'),(122,3,3,NULL,5,3,'2025-03-06 02:27:49'),(123,3,3,NULL,5,3,'2025-03-06 02:28:05'),(124,3,3,NULL,5,3,'2025-03-06 02:28:18'),(125,3,3,NULL,5,3,'2025-03-06 02:28:44'),(126,3,3,NULL,6,3,'2025-03-06 02:30:22'),(127,4,3,NULL,3,3,'2025-03-06 02:40:52'),(128,4,3,NULL,5,3,'2025-03-10 02:46:55'),(129,4,3,NULL,5,3,'2025-03-10 02:47:11'),(130,4,3,NULL,5,3,'2025-03-10 03:06:24'),(131,4,3,NULL,5,3,'2025-03-10 03:08:30'),(132,4,3,NULL,5,3,'2025-03-10 03:09:50'),(133,4,3,NULL,5,3,'2025-03-10 03:10:47'),(134,4,3,NULL,5,3,'2025-03-10 03:11:34'),(135,4,3,NULL,5,3,'2025-03-10 03:14:14'),(136,4,3,NULL,5,3,'2025-03-10 03:17:35'),(137,4,3,NULL,5,3,'2025-03-10 03:20:07'),(138,4,3,NULL,5,3,'2025-03-10 03:21:40'),(139,4,3,NULL,5,3,'2025-03-10 03:23:00'),(140,4,3,NULL,5,3,'2025-03-10 03:23:52'),(141,4,3,NULL,5,3,'2025-03-10 03:25:56'),(142,4,3,NULL,5,3,'2025-03-10 03:28:12'),(143,4,3,NULL,5,3,'2025-03-10 03:30:04'),(144,4,3,NULL,5,3,'2025-03-10 03:36:06'),(145,4,3,NULL,5,3,'2025-03-10 03:38:34'),(146,4,3,NULL,5,3,'2025-03-10 03:43:46'),(147,4,3,NULL,5,3,'2025-03-10 03:44:39'),(148,4,3,NULL,5,3,'2025-03-10 03:45:22'),(149,4,3,NULL,5,3,'2025-03-10 03:46:46'),(150,4,3,NULL,5,3,'2025-03-10 03:48:58'),(151,4,3,NULL,5,3,'2025-03-10 03:49:52'),(152,4,3,NULL,5,3,'2025-03-10 03:51:31'),(153,4,3,NULL,5,3,'2025-03-10 03:56:01'),(154,4,3,NULL,5,3,'2025-03-10 03:56:03'),(155,4,3,NULL,5,3,'2025-03-10 04:29:36'),(156,4,3,NULL,5,3,'2025-03-10 04:29:51'),(157,4,3,NULL,5,3,'2025-03-10 04:29:54'),(158,4,3,NULL,5,3,'2025-03-10 04:31:30'),(159,4,3,NULL,5,3,'2025-03-10 04:36:06'),(160,4,3,NULL,5,3,'2025-03-10 04:37:46'),(161,4,3,NULL,5,3,'2025-03-10 04:49:13'),(162,4,3,NULL,5,3,'2025-03-10 04:49:14'),(163,4,3,NULL,5,3,'2025-03-10 04:51:34'),(164,4,3,NULL,5,3,'2025-03-10 04:54:28'),(165,4,3,NULL,5,3,'2025-03-10 04:57:42'),(166,4,3,NULL,5,3,'2025-03-10 05:02:58'),(167,4,3,NULL,5,3,'2025-03-10 05:04:35'),(168,4,3,NULL,5,3,'2025-03-10 05:04:59'),(169,4,3,NULL,5,3,'2025-03-10 05:08:20'),(170,4,3,NULL,5,3,'2025-03-10 05:15:04'),(171,4,3,NULL,5,3,'2025-03-10 05:15:54'),(172,4,3,NULL,5,3,'2025-03-10 05:16:04'),(173,4,3,NULL,5,3,'2025-03-10 05:16:05'),(174,4,3,NULL,5,3,'2025-03-10 05:16:06'),(175,4,3,NULL,5,3,'2025-03-10 05:16:07'),(176,4,3,NULL,5,3,'2025-03-10 05:18:50'),(177,4,3,NULL,5,3,'2025-03-10 05:24:48'),(178,4,3,NULL,5,3,'2025-03-10 05:33:48'),(179,4,3,NULL,5,3,'2025-03-10 05:36:01'),(180,1,1,'2025-03-12 06:57:58',3,3,'2025-03-12 06:57:59'),(181,1,2,'2025-03-12 06:58:03',3,3,'2025-03-12 06:58:03'),(182,1,3,'2025-03-12 07:04:34',3,3,'2025-03-12 07:04:34'),(183,1,3,'2025-03-12 07:05:40',3,3,'2025-03-12 07:05:40'),(184,1,1,'2025-03-12 07:11:52',3,3,'2025-03-12 07:11:52'),(185,1,2,'2025-03-12 07:11:55',3,3,'2025-03-12 07:11:56'),(186,1,3,'2025-03-12 07:12:23',3,3,'2025-03-12 07:12:23'),(187,1,3,'2025-03-12 07:12:53',3,3,'2025-03-12 07:12:53'),(188,1,1,'2025-03-12 07:20:40',3,3,'2025-03-12 07:20:41'),(189,1,2,'2025-03-12 07:20:41',3,3,'2025-03-12 07:20:42'),(190,1,3,'2025-03-12 07:20:53',3,3,'2025-03-12 07:20:53'),(191,1,1,'2025-03-12 07:21:26',3,3,'2025-03-12 07:21:26'),(192,1,2,'2025-03-12 07:21:27',3,3,'2025-03-12 07:21:27'),(193,1,3,'2025-03-12 07:21:35',3,3,'2025-03-12 07:21:35'),(194,1,1,'2025-03-12 07:22:27',3,3,'2025-03-12 07:22:28'),(195,1,2,'2025-03-12 07:22:28',3,3,'2025-03-12 07:22:29'),(196,1,3,'2025-03-12 07:22:54',3,3,'2025-03-12 07:22:54'),(197,1,3,'2025-03-12 07:28:08',3,3,'2025-03-12 07:28:08'),(198,1,1,'2025-03-12 07:28:52',3,3,'2025-03-12 07:28:52'),(199,1,2,'2025-03-12 07:28:52',3,3,'2025-03-12 07:28:53'),(200,1,3,'2025-03-12 07:29:11',3,3,'2025-03-12 07:29:11'),(201,1,1,'2025-03-12 07:30:11',3,3,'2025-03-12 07:30:11'),(202,1,2,'2025-03-12 07:30:11',3,3,'2025-03-12 07:30:12'),(203,1,3,'2025-03-12 07:31:58',3,3,'2025-03-12 07:31:58'),(204,1,1,'2025-03-12 07:40:58',3,3,'2025-03-12 07:40:59'),(205,1,2,'2025-03-12 07:40:59',3,3,'2025-03-12 07:40:59'),(206,1,3,'2025-03-12 07:41:08',3,3,'2025-03-12 07:41:08'),(207,1,1,'2025-03-12 07:42:32',3,3,'2025-03-12 07:42:33'),(208,1,2,'2025-03-12 07:42:33',3,3,'2025-03-12 07:42:34'),(209,1,3,'2025-03-12 07:43:11',3,3,'2025-03-12 07:43:11'),(210,2,3,NULL,NULL,3,'2025-04-09 13:33:08'),(211,2,3,NULL,NULL,3,'2025-04-09 13:36:09'),(212,2,3,NULL,NULL,3,'2025-04-09 13:41:05'),(213,2,5,NULL,NULL,3,'2025-04-09 13:41:09'),(214,2,5,NULL,NULL,3,'2025-04-09 13:41:31'),(215,2,5,NULL,NULL,3,'2025-04-09 13:41:48'),(216,2,5,NULL,NULL,3,'2025-04-09 13:42:16'),(217,2,5,NULL,NULL,3,'2025-04-09 13:42:25'),(218,2,5,NULL,NULL,3,'2025-04-09 13:43:24'),(219,2,5,NULL,NULL,3,'2025-04-09 13:43:25'),(220,2,5,NULL,NULL,3,'2025-04-09 13:43:26'),(221,2,5,NULL,NULL,3,'2025-04-09 13:43:27'),(222,2,5,NULL,NULL,3,'2025-04-09 13:43:27'),(223,2,5,NULL,NULL,3,'2025-04-09 13:43:29'),(224,2,5,NULL,NULL,3,'2025-04-09 13:43:29'),(225,2,5,NULL,NULL,3,'2025-04-09 13:43:29'),(226,2,5,NULL,NULL,3,'2025-04-09 13:43:30'),(227,2,5,NULL,NULL,3,'2025-04-09 13:43:30'),(228,2,5,NULL,NULL,3,'2025-04-09 13:44:05'),(229,2,5,NULL,NULL,3,'2025-04-09 13:44:08'),(230,2,5,NULL,NULL,3,'2025-04-09 13:46:26'),(231,2,4,NULL,NULL,3,'2025-04-09 13:47:14'),(232,2,4,NULL,NULL,3,'2025-04-09 13:47:18'),(233,2,4,NULL,NULL,3,'2025-04-09 13:47:21'),(234,2,4,NULL,NULL,3,'2025-04-09 13:47:36'),(235,2,4,NULL,NULL,3,'2025-04-09 13:49:16'),(236,2,4,NULL,NULL,3,'2025-04-09 14:10:01'),(237,3,3,NULL,NULL,3,'2025-04-09 14:20:09'),(238,3,3,NULL,NULL,3,'2025-04-09 14:20:31'),(239,3,4,NULL,NULL,3,'2025-04-09 14:20:57'),
-- テスト用データ追加（240-339番）
(240,1,1,'2025-07-01 08:30:45',27,1,'2025-07-01 08:30:45'),
(241,1,2,'2025-07-01 17:45:12',27,1,'2025-07-01 17:45:12'),
(242,1,1,'2025-07-01 09:15:23',35,2,'2025-07-01 09:15:23'),
(243,1,2,'2025-07-01 18:30:56',35,2,'2025-07-01 18:30:56'),
(244,2,3,NULL,NULL,2,'2025-07-01 10:20:15'),
(245,2,3,NULL,NULL,2,'2025-07-01 11:45:30'),
(246,3,3,NULL,42,2,'2025-07-01 13:15:45'),
(247,4,3,NULL,27,1,'2025-07-01 14:30:20'),
(248,6,6,NULL,NULL,3,'2025-07-01 15:45:10'),
(249,1,1,'2025-07-02 08:45:30',28,1,'2025-07-02 08:45:30'),
(250,1,2,'2025-07-02 17:20:45',28,1,'2025-07-02 17:20:45'),
(251,1,1,'2025-07-02 09:30:15',55,39,'2025-07-02 09:30:15'),
(252,1,2,'2025-07-02 18:15:40',55,39,'2025-07-02 18:15:40'),
(253,2,5,NULL,NULL,39,'2025-07-02 10:45:25'),
(254,3,3,NULL,28,2,'2025-07-02 12:30:50'),
(255,4,3,NULL,55,3,'2025-07-02 14:15:35'),
(256,5,4,NULL,NULL,1,'2025-07-02 16:20:10'),
(257,1,1,'2025-07-03 08:20:45',45,33,'2025-07-03 08:20:45'),
(258,1,2,'2025-07-03 17:35:20',45,33,'2025-07-03 17:35:20'),
(259,1,1,'2025-07-03 09:45:10',67,50,'2025-07-03 09:45:10'),
(260,1,2,'2025-07-03 18:50:35',67,50,'2025-07-03 18:50:35'),
(261,2,3,NULL,NULL,50,'2025-07-03 11:25:15'),
(262,3,4,NULL,NULL,33,'2025-07-03 13:40:25'),
(263,4,3,NULL,45,1,'2025-07-03 15:15:50'),
(264,6,6,NULL,NULL,2,'2025-07-03 16:30:40'),
(265,1,1,'2025-07-04 08:55:30',31,64,'2025-07-04 08:55:30'),
(266,1,2,'2025-07-04 17:10:15',31,64,'2025-07-04 17:10:15'),
(267,1,1,'2025-07-04 09:20:45',88,77,'2025-07-04 09:20:45'),
(268,1,2,'2025-07-04 18:25:30',88,77,'2025-07-04 18:25:30'),
(269,2,5,NULL,NULL,77,'2025-07-04 10:35:20'),
(270,3,3,NULL,31,64,'2025-07-04 12:50:45'),
(271,4,3,NULL,88,3,'2025-07-04 14:40:10'),
(272,5,4,NULL,NULL,1,'2025-07-04 16:55:25'),
(273,1,1,'2025-07-05 08:40:20',72,90,'2025-07-05 08:40:20'),
(274,1,2,'2025-07-05 17:55:45',72,90,'2025-07-05 17:55:45'),
(275,1,1,'2025-07-05 09:10:35',59,39,'2025-07-05 09:10:35'),
(276,1,2,'2025-07-05 18:40:20',59,39,'2025-07-05 18:40:20'),
(277,2,3,NULL,NULL,39,'2025-07-05 11:15:30'),
(278,3,4,NULL,NULL,90,'2025-07-05 13:30:15'),
(279,4,3,NULL,72,2,'2025-07-05 15:45:40'),
(280,6,6,NULL,NULL,3,'2025-07-05 17:20:25'),
(281,1,1,'2025-07-08 08:25:15',41,64,'2025-07-08 08:25:15'),
(282,1,2,'2025-07-08 17:40:30',41,64,'2025-07-08 17:40:30'),
(283,1,1,'2025-07-08 09:50:45',93,77,'2025-07-08 09:50:45'),
(284,1,2,'2025-07-08 18:15:20',93,77,'2025-07-08 18:15:20'),
(285,2,5,NULL,NULL,77,'2025-07-08 10:30:55'),
(286,3,3,NULL,41,1,'2025-07-08 12:45:10'),
(287,4,3,NULL,93,3,'2025-07-08 14:20:35'),
(288,5,4,NULL,NULL,64,'2025-07-08 16:35:50'),
(289,1,1,'2025-07-09 08:15:40',84,50,'2025-07-09 08:15:40'),
(290,1,2,'2025-07-09 17:25:55',84,50,'2025-07-09 17:25:55'),
(291,1,1,'2025-07-09 09:35:20',76,90,'2025-07-09 09:35:20'),
(292,1,2,'2025-07-09 18:50:45',76,90,'2025-07-09 18:50:45'),
(293,2,3,NULL,NULL,90,'2025-07-09 11:40:30'),
(294,3,4,NULL,NULL,50,'2025-07-09 13:55:15'),
(295,4,3,NULL,84,2,'2025-07-09 15:10:40'),
(296,6,6,NULL,NULL,1,'2025-07-09 16:25:25'),
(297,1,1,'2025-07-10 08:50:25',58,33,'2025-07-10 08:50:25'),
(298,1,2,'2025-07-10 17:15:50',58,33,'2025-07-10 17:15:50'),
(299,1,1,'2025-07-10 09:25:35',91,39,'2025-07-10 09:25:35'),
(300,1,2,'2025-07-10 18:30:10',91,39,'2025-07-10 18:30:10'),
(301,2,5,NULL,NULL,39,'2025-07-10 10:45:45'),
(302,3,3,NULL,58,3,'2025-07-10 12:20:20'),
(303,4,3,NULL,91,1,'2025-07-10 14:35:55'),
(304,5,4,NULL,NULL,33,'2025-07-10 16:10:30'),
(305,1,1,'2025-07-11 08:35:15',49,64,'2025-07-11 08:35:15'),
(306,1,2,'2025-07-11 17:50:40',49,64,'2025-07-11 17:50:40'),
(307,1,1,'2025-07-11 09:15:25',82,77,'2025-07-11 09:15:25'),
(308,1,2,'2025-07-11 18:20:15',82,77,'2025-07-11 18:20:15'),
(309,2,3,NULL,NULL,77,'2025-07-11 11:30:50'),
(310,3,4,NULL,NULL,64,'2025-07-11 13:45:35'),
(311,4,3,NULL,49,2,'2025-07-11 15:25:10'),
(312,6,6,NULL,NULL,3,'2025-07-11 16:40:45'),
(313,1,1,'2025-07-12 08:10:30',65,50,'2025-07-12 08:10:30'),
(314,1,2,'2025-07-12 17:35:25',65,50,'2025-07-12 17:35:25'),
(315,1,1,'2025-07-12 09:40:15',78,90,'2025-07-12 09:40:15'),
(316,1,2,'2025-07-12 18:45:50',78,90,'2025-07-12 18:45:50'),
(317,2,5,NULL,NULL,90,'2025-07-12 10:55:40'),
(318,3,3,NULL,65,1,'2025-07-12 12:10:25'),
(319,4,3,NULL,78,3,'2025-07-12 14:25:15'),
(320,5,4,NULL,NULL,50,'2025-07-12 16:50:35'),
(321,1,1,'2025-07-15 08:45:20',73,39,'2025-07-15 08:45:20'),
(322,1,2,'2025-07-15 17:20:45',73,39,'2025-07-15 17:20:45'),
(323,1,1,'2025-07-15 09:30:35',86,33,'2025-07-15 09:30:35'),
(324,1,2,'2025-07-15 18:35:20',86,33,'2025-07-15 18:35:20'),
(325,2,3,NULL,NULL,33,'2025-07-15 11:45:15'),
(326,3,4,NULL,NULL,39,'2025-07-15 13:20:50'),
(327,4,3,NULL,73,2,'2025-07-15 15:35:25'),
(328,6,6,NULL,NULL,1,'2025-07-15 16:50:40'),
(329,1,1,'2025-07-16 08:20:45',95,64,'2025-07-16 08:20:45'),
(330,1,2,'2025-07-16 17:45:30',95,64,'2025-07-16 17:45:30'),
(331,1,1,'2025-07-16 09:55:20',68,77,'2025-07-16 09:55:20'),
(332,1,2,'2025-07-16 18:10:15',68,77,'2025-07-16 18:10:15'),
(333,2,5,NULL,NULL,77,'2025-07-16 10:25:35'),
(334,3,3,NULL,95,3,'2025-07-16 12:40:50'),
(335,4,3,NULL,68,1,'2025-07-16 14:15:25'),
(336,5,4,NULL,NULL,64,'2025-07-16 16:30:10'),
(337,1,1,'2025-07-17 08:55:35',52,50,'2025-07-17 08:55:35'),
(338,1,2,'2025-07-17 17:30:20',52,50,'2025-07-17 17:30:20'),
(339,6,6,NULL,NULL,90,'2025-07-17 16:45:55');

--
-- Dumping data for table news
--

INSERT INTO news (id, news_date, title, content, label, release_flag, update_date) VALUES
(1, '2022-08-11', '9月1日は創業記念日のためお休みです。', '9月1日は創業記念日のためお休みです。', 'GENERAL', FALSE, '2025-02-15 14:35:53'),
(3, '2024-09-14', '総務部に健康診断の結果を受け取りに来てください。', '総務部に健康診断の結果を受け取りに来てください。', 'GENERAL', FALSE, '2025-02-28 07:35:03'),
(4, '2024-08-30', '事務所の冷蔵庫にモナカの差し入れがあります。ご自由にどうぞ！', '事務所の冷蔵庫にモナカの差し入れがあります。ご自由にどうぞ！', 'GENERAL', FALSE, '2025-02-28 06:42:13'),
(5, '2024-11-01', '新しい駐輪場シールを総務部に取りに来てください。', '【自転車通勤の方へ】新しい駐輪場シールを総務部に取りに来てください。', 'GENERAL', FALSE, '2025-02-28 07:35:03'),
(6, '2024-10-01', '10/05 18:00～　第一事務所にて歓送迎会を行います！', '10/05 18:00～　第一事務所にて歓送迎会を行います！', 'GENERAL', FALSE, '2025-02-28 06:42:13'),
(7, '2024-02-14', 'ハッピーバレンタイン！今日は全員残業せずに帰りましょう。', 'ハッピーバレンタイン！今日は全員残業せずに帰りましょう。', 'GENERAL', TRUE, '2025-03-06 02:24:15'),
(8, '2024-01-05', 'あけましておめでとうございます。今年も頑張りましょう！', 'あけましておめでとうございます。今年も頑張りましょう！', 'GENERAL', TRUE, '2025-03-06 02:24:15'),
(10, '2024-06-01', '忘年会の出欠入力をお願いします。詳細はメールでお送りします。', '忘年会の出欠入力をお願いします。詳細はメールでお送りします。', 'GENERAL', FALSE, '2025-03-06 02:24:15'),
(11, '2024-04-01', '事務所の冷蔵庫にみかんの差し入れがあります。ご自由にどうぞ！', '事務所の冷蔵庫にみかんの差し入れがあります。ご自由にどうぞ！', 'GENERAL', FALSE, '2024-09-19 12:30:29'),
(12, '2024-03-28', '健康診断結果が届きました。総務部に受け取りにきてください。', '健康診断結果が届きました。総務部に受け取りにきてください。', 'GENERAL', FALSE, '2024-09-19 12:30:29'),
(13, '2024-03-01', '今週は社員健康診断です。各自シフトの調整をお願いします。', '今週は社員健康診断です。各自シフトの調整をお願いします。', 'GENERAL', FALSE, '2024-09-19 12:30:29'),
(14, '2023-05-29', '梅雨入りしました！傘を忘れないでくださいね！', '梅雨入りしました！傘を忘れないでくださいね！', 'GENERAL', TRUE, '2025-02-28 07:35:15'),
(15, '2023-04-01', '新入社員の皆様、これからよろしくお願いします♪', '新入社員の皆様、これからよろしくお願いします♪', 'GENERAL', FALSE, '2024-09-28 06:29:32'),
-- 追加データ（16-115件）
(16, '2024-01-10', 'システムメンテナンスのお知らせ - 1/15（月）18:00-20:00', '【重要】システムメンテナンスのお知らせ - 1/15（月）18:00-20:00', 'IMPORTANT', FALSE, '2024-01-10 10:00:00'),
(17, '2024-01-12', '新年会のお知らせ - 1/20（土）19:00～ 会場：○○ホテル', '新年会のお知らせ - 1/20（土）19:00～ 会場：○○ホテル', 'GENERAL', FALSE, '2024-01-12 11:30:00'),
(18, '2024-01-15', '給与明細の電子化について - 詳細は総務部まで', '給与明細の電子化について - 詳細は総務部まで', 'GENERAL', FALSE, '2024-01-15 09:15:00'),
(19, '2024-01-18', '駐車場利用のルールについて - 新ルール適用開始', '駐車場利用のルールについて - 新ルール適用開始', 'GENERAL', FALSE, '2024-01-18 14:20:00'),
(20, '2024-01-22', 'インフルエンザ予防接種のご案内 - 希望者は申し込みを', 'インフルエンザ予防接種のご案内 - 希望者は申し込みを', 'GENERAL', FALSE, '2024-01-22 13:45:00'),
(21, '2024-01-25', '2月度シフト表の提出について - 期限：1/30（火）', '2月度シフト表の提出について - 期限：1/30（火）', 'GENERAL', FALSE, '2024-01-25 16:10:00'),
(22, '2024-01-28', '節分イベント開催のお知らせ - 2/3（土）お昼休み', '節分イベント開催のお知らせ - 2/3（土）お昼休み', 'GENERAL', FALSE, '2024-01-28 12:00:00'),
(23, '2024-02-01', '雪による交通影響のお知らせ - 出勤時間の調整可', '【緊急】雪による交通影響のお知らせ - 出勤時間の調整可', 'GENERAL', FALSE, '2024-02-01 07:30:00'),
(24, '2024-02-05', 'バレンタインデー企画について - みなさんの参加をお待ちしています', 'バレンタインデー企画について - みなさんの参加をお待ちしています', 'GENERAL', FALSE, '2024-02-05 10:45:00'),
(25, '2024-02-08', '健康診断の日程変更について - 詳細は保健室まで', '健康診断の日程変更について - 詳細は保健室まで', 'GENERAL', FALSE, '2024-02-08 15:20:00'),
(26, '2024-02-12', '春の歓送迎会の準備について - 幹事会メンバー募集中', '春の歓送迎会の準備について - 幹事会メンバー募集中', 'GENERAL', FALSE, '2024-02-12 11:55:00'),
(27, '2024-02-15', '休憩室の利用ルール改定について', '【お知らせ】休憩室の利用ルール改定について', 'GENERAL', FALSE, '2024-02-15 14:30:00'),
(28, '2024-02-19', '3月度の勤務シフト希望調査について - 回答期限：2/25', '3月度の勤務シフト希望調査について - 回答期限：2/25', 'GENERAL', FALSE, '2024-02-19 09:10:00'),
(29, '2024-02-22', '社員旅行の行き先アンケート実施中 - ご協力をお願いします', '社員旅行の行き先アンケート実施中 - ご協力をお願いします', 'GENERAL', FALSE, '2024-02-22 16:40:00'),
(30, '2024-02-26', 'ひな祭りイベントのお知らせ - 3/3（日）開催予定', 'ひな祭りイベントのお知らせ - 3/3（日）開催予定', 'GENERAL', FALSE, '2024-02-26 13:25:00'),
(31, '2024-03-01', '春の大掃除について - 各部署の協力をお願いします', '【重要】春の大掃除について - 各部署の協力をお願いします', 'IMPORTANT', FALSE, '2024-03-01 08:50:00'),
(32, '2024-03-05', '新入社員歓迎準備について - 4月に向けて準備を開始', '新入社員歓迎準備について - 4月に向けて準備を開始', 'GENERAL', FALSE, '2024-03-05 12:35:00'),
(33, '2024-03-08', 'ホワイトデー企画のお知らせ - みなさんの愛情に感謝', 'ホワイトデー企画のお知らせ - みなさんの愛情に感謝', 'GENERAL', FALSE, '2024-03-08 11:20:00'),
(34, '2024-03-12', '桜の開花予想について - お花見企画を検討中', '桜の開花予想について - お花見企画を検討中', 'GENERAL', FALSE, '2024-03-12 15:05:00'),
(35, '2024-03-15', '年度末の業務整理について - 書類の整理をお願いします', '年度末の業務整理について - 書類の整理をお願いします', 'GENERAL', FALSE, '2024-03-15 10:15:00'),
(36, '2024-03-19', '春分の日の勤務について - 祝日出勤の調整', '春分の日の勤務について - 祝日出勤の調整', 'GENERAL', FALSE, '2024-03-19 14:50:00'),
(37, '2024-03-22', '新年度の制服配布について - サイズ確認をお願いします', '新年度の制服配布について - サイズ確認をお願いします', 'GENERAL', FALSE, '2024-03-22 13:40:00'),
(38, '2024-03-26', '4月度シフト表の提出について - 新年度スタート準備', '4月度シフト表の提出について - 新年度スタート準備', 'GENERAL', FALSE, '2024-03-26 09:25:00'),
(39, '2024-03-29', '年度末慰労会のお知らせ - お疲れ様でした！', '年度末慰労会のお知らせ - お疲れ様でした！', 'GENERAL', FALSE, '2024-03-29 17:10:00'),
(40, '2024-04-01', '新年度スタート！今年度もよろしくお願いします', '新年度スタート！今年度もよろしくお願いします', 'GENERAL', TRUE, '2024-04-01 08:00:00'),
(41, '2024-04-03', '新入社員の紹介 - フレッシュなメンバーが加わりました', '新入社員の紹介 - フレッシュなメンバーが加わりました', 'GENERAL', FALSE, '2024-04-03 10:30:00'),
(42, '2024-04-05', 'お花見の日程調整について - 天気予報をチェック中', 'お花見の日程調整について - 天気予報をチェック中', 'GENERAL', FALSE, '2024-04-05 12:45:00'),
(43, '2024-04-08', '昇格・異動の発表について', '【お知らせ】昇格・異動の発表について', 'GENERAL', FALSE, '2024-04-08 15:20:00'),
(44, '2024-04-10', 'GW期間中の勤務体制について - 早めの調整をお願いします', 'GW期間中の勤務体制について - 早めの調整をお願いします', 'GENERAL', FALSE, '2024-04-10 11:05:00'),
(45, '2024-04-12', '春の健康診断のご案内 - 申し込み受付開始', '春の健康診断のご案内 - 申し込み受付開始', 'GENERAL', FALSE, '2024-04-12 14:15:00'),
(46, '2024-04-15', 'セキュリティ対策の強化について', '【重要】セキュリティ対策の強化について', 'IMPORTANT', FALSE, '2024-04-15 09:40:00'),
(47, '2024-04-18', '母の日イベントの企画について - アイデア募集中', '母の日イベントの企画について - アイデア募集中', 'GENERAL', FALSE, '2024-04-18 16:25:00'),
(48, '2024-04-22', '5月度シフト希望の提出について - 連休考慮で調整', '5月度シフト希望の提出について - 連休考慮で調整', 'GENERAL', FALSE, '2024-04-22 13:55:00'),
(49, '2024-04-25', 'こどもの日イベント準備のお知らせ', 'こどもの日イベント準備のお知らせ', 'GENERAL', FALSE, '2024-04-25 10:20:00'),
(50, '2024-04-29', 'GW期間中の緊急連絡先について - 必ず確認してください', 'GW期間中の緊急連絡先について - 必ず確認してください', 'GENERAL', FALSE, '2024-04-29 08:10:00'),
(51, '2024-05-01', '五月病に注意！メンタルヘルスのサポートについて', '五月病に注意！メンタルヘルスのサポートについて', 'GENERAL', FALSE, '2024-05-01 11:35:00'),
(52, '2024-05-03', '母の日のプレゼント企画 - 素敵なアイデアをありがとう', '母の日のプレゼント企画 - 素敵なアイデアをありがとう', 'GENERAL', FALSE, '2024-05-03 14:40:00'),
(53, '2024-05-06', 'GW明けの業務再開について - お疲れ様でした', 'GW明けの業務再開について - お疲れ様でした', 'GENERAL', FALSE, '2024-05-06 09:15:00'),
(54, '2024-05-08', '夏季制服の準備について', '【お知らせ】夏季制服の準備について', 'GENERAL', FALSE, '2024-05-08 12:50:00'),
(55, '2024-05-10', '梅雨対策について - 湿気対策グッズを準備しました', '梅雨対策について - 湿気対策グッズを準備しました', 'GENERAL', FALSE, '2024-05-10 15:30:00'),
(56, '2024-05-13', '6月度シフト調整のお願い - 梅雨シーズンの対応', '6月度シフト調整のお願い - 梅雨シーズンの対応', 'GENERAL', FALSE, '2024-05-13 10:45:00'),
(57, '2024-05-15', 'エアコンの設定温度について - 節電にご協力を', '【重要】エアコンの設定温度について - 節電にご協力を', 'IMPORTANT', FALSE, '2024-05-15 13:20:00'),
(58, '2024-05-17', '父の日イベント企画のお知らせ - 準備を開始します', '父の日イベント企画のお知らせ - 準備を開始します', 'GENERAL', FALSE, '2024-05-17 11:10:00'),
(59, '2024-05-20', '夏のボーナス査定について - 評価期間のお知らせ', '夏のボーナス査定について - 評価期間のお知らせ', 'GENERAL', FALSE, '2024-05-20 16:05:00'),
(60, '2024-05-22', '熱中症対策グッズの配布について', '【お知らせ】熱中症対策グッズの配布について', 'GENERAL', FALSE, '2024-05-22 09:55:00'),
(61, '2024-05-24', '梅雨入り宣言 - 通勤時の安全運転をお願いします', '梅雨入り宣言 - 通勤時の安全運転をお願いします', 'GENERAL', FALSE, '2024-05-24 14:25:00'),
(62, '2024-05-27', '6月の歓送迎会について - 参加者募集中', '6月の歓送迎会について - 参加者募集中', 'GENERAL', FALSE, '2024-05-27 12:15:00'),
(63, '2024-05-29', '夏季休暇の申請について - 早めの調整を', '【重要】夏季休暇の申請について - 早めの調整を', 'IMPORTANT', FALSE, '2024-05-29 10:35:00'),
(64, '2024-06-01', '衣替えのお知らせ - 夏服でさわやかに', '衣替えのお知らせ - 夏服でさわやかに', 'GENERAL', FALSE, '2024-06-01 08:20:00'),
(65, '2024-06-03', '父の日プレゼント企画 - 心のこもったギフトを', '父の日プレゼント企画 - 心のこもったギフトを', 'GENERAL', FALSE, '2024-06-03 15:45:00'),
(66, '2024-06-05', '水分補給の重要性について', '【お知らせ】水分補給の重要性について', 'GENERAL', FALSE, '2024-06-05 11:50:00'),
(67, '2024-06-07', '夏祭り企画の準備について - ボランティア募集', '夏祭り企画の準備について - ボランティア募集', 'GENERAL', FALSE, '2024-06-07 13:30:00'),
(68, '2024-06-10', '7月度シフト希望調査 - 夏休み期間の調整', '7月度シフト希望調査 - 夏休み期間の調整', 'GENERAL', FALSE, '2024-06-10 16:10:00'),
(69, '2024-06-12', '夏季賞与の支給について', '【重要】夏季賞与の支給について', 'IMPORTANT', FALSE, '2024-06-12 09:40:00'),
(70, '2024-06-14', '梅雨明け予想と夏本番に向けて', '梅雨明け予想と夏本番に向けて', 'GENERAL', FALSE, '2024-06-14 12:25:00'),
(71, '2024-06-17', '社員旅行の最終案内 - 楽しい時間を過ごしましょう', '社員旅行の最終案内 - 楽しい時間を過ごしましょう', 'GENERAL', FALSE, '2024-06-17 14:55:00'),
(72, '2024-06-19', '夏の省エネ対策について', '【お知らせ】夏の省エネ対策について', 'GENERAL', FALSE, '2024-06-19 10:15:00'),
(73, '2024-06-21', '夏至の長い一日 - お疲れ様です', '夏至の長い一日 - お疲れ様です', 'GENERAL', FALSE, '2024-06-21 15:40:00'),
(74, '2024-06-24', '夏祭りイベントの詳細について - みなさんの参加をお待ちしています', '夏祭りイベントの詳細について - みなさんの参加をお待ちしています', 'GENERAL', FALSE, '2024-06-24 11:30:00'),
(75, '2024-06-26', '熱中症対策の徹底について', '【重要】熱中症対策の徹底について', 'IMPORTANT', FALSE, '2024-06-26 08:45:00'),
(76, '2024-06-28', '7月の業務体制について - 夏季休暇期間の調整', '7月の業務体制について - 夏季休暇期間の調整', 'GENERAL', FALSE, '2024-06-28 13:20:00'),
(77, '2024-07-01', '7月スタート - 夏本番を乗り切りましょう', '7月スタート - 夏本番を乗り切りましょう', 'GENERAL', FALSE, '2024-07-01 09:00:00'),
(78, '2024-07-03', '七夕イベントのお知らせ - 願い事を書きませんか', '七夕イベントのお知らせ - 願い事を書きませんか', 'GENERAL', FALSE, '2024-07-03 12:10:00'),
(79, '2024-07-05', '夏季休暇取得のお願い - しっかり休んでリフレッシュを', '夏季休暇取得のお願い - しっかり休んでリフレッシュを', 'GENERAL', FALSE, '2024-07-05 14:35:00'),
(80, '2024-07-08', '冷房設備の点検について', '【お知らせ】冷房設備の点検について', 'GENERAL', FALSE, '2024-07-08 10:50:00'),
(81, '2024-07-10', '海の日の勤務について - 祝日出勤の調整', '海の日の勤務について - 祝日出勤の調整', 'GENERAL', FALSE, '2024-07-10 16:25:00'),
(82, '2024-07-12', '夏祭り準備の進捗報告 - ボランティアの皆様ありがとう', '夏祭り準備の進捗報告 - ボランティアの皆様ありがとう', 'GENERAL', FALSE, '2024-07-12 11:15:00'),
(83, '2024-07-15', 'お盆期間中の業務体制について', '【重要】お盆期間中の業務体制について', 'IMPORTANT', FALSE, '2024-07-15 13:40:00'),
(84, '2024-07-17', '8月度シフト調整のお知らせ - お盆休みを考慮', '8月度シフト調整のお知らせ - お盆休みを考慮', 'GENERAL', FALSE, '2024-07-17 09:25:00'),
(85, '2024-07-19', '夏の健康管理について - 体調管理に気をつけましょう', '夏の健康管理について - 体調管理に気をつけましょう', 'GENERAL', FALSE, '2024-07-19 15:05:00'),
(86, '2024-07-22', '夏祭り最終準備について', '【お知らせ】夏祭り最終準備について', 'GENERAL', FALSE, '2024-07-22 12:50:00'),
(87, '2024-07-24', '夏季休暇中の緊急連絡について - 必ず確認を', '夏季休暇中の緊急連絡について - 必ず確認を', 'GENERAL', FALSE, '2024-07-24 14:20:00'),
(88, '2024-07-26', 'お盆休み期間の業務引き継ぎについて', '【重要】お盆休み期間の業務引き継ぎについて', 'IMPORTANT', FALSE, '2024-07-26 10:40:00'),
(89, '2024-07-29', '夏祭り開催間近！みなさんのご参加をお待ちしています', '夏祭り開催間近！みなさんのご参加をお待ちしています', 'GENERAL', FALSE, '2024-07-29 16:15:00'),
(90, '2024-07-31', '7月お疲れ様でした - 8月も頑張りましょう', '7月お疲れ様でした - 8月も頑張りましょう', 'GENERAL', FALSE, '2024-07-31 17:30:00'),
(91, '2024-08-01', '8月スタート - 暑さに負けずに頑張りましょう', '8月スタート - 暑さに負けずに頑張りましょう', 'GENERAL', FALSE, '2024-08-01 08:30:00'),
(92, '2024-08-03', '夏祭り大成功！参加者の皆様ありがとうございました', '夏祭り大成功！参加者の皆様ありがとうございました', 'GENERAL', FALSE, '2024-08-03 11:45:00'),
(93, '2024-08-05', 'お盆期間の営業について', '【お知らせ】お盆期間の営業について', 'GENERAL', FALSE, '2024-08-05 13:15:00'),
(94, '2024-08-08', '残暑お見舞い申し上げます - 引き続き熱中症対策を', '残暑お見舞い申し上げます - 引き続き熱中症対策を', 'GENERAL', FALSE, '2024-08-08 15:50:00'),
(95, '2024-08-10', 'お盆休み前の業務確認について', 'お盆休み前の業務確認について', 'GENERAL', FALSE, '2024-08-10 09:20:00'),
(96, '2024-08-12', 'お盆期間中の安全対策について', '【重要】お盆期間中の安全対策について', 'IMPORTANT', FALSE, '2024-08-12 12:35:00'),
(97, '2024-08-15', 'お盆休み中の皆様へ - ゆっくりお休みください', 'お盆休み中の皆様へ - ゆっくりお休みください', 'GENERAL', FALSE, '2024-08-15 10:00:00'),
(98, '2024-08-17', 'お盆明けの業務再開について - リフレッシュできましたか', 'お盆明けの業務再開について - リフレッシュできましたか', 'GENERAL', FALSE, '2024-08-17 14:10:00'),
(99, '2024-08-20', '9月度シフト調整のお知らせ - 秋に向けての準備', '9月度シフト調整のお知らせ - 秋に向けての準備', 'GENERAL', FALSE, '2024-08-20 11:25:00'),
(100, '2024-08-22', '秋の健康診断について - 申し込み開始予定', '【お知らせ】秋の健康診断について - 申し込み開始予定', 'GENERAL', FALSE, '2024-08-22 16:40:00'),
(101, '2024-08-24', '残暑厳しい中お疲れ様です - もう少し頑張りましょう', '残暑厳しい中お疲れ様です - もう少し頑張りましょう', 'GENERAL', FALSE, '2024-08-24 13:55:00'),
(102, '2024-08-26', '台風シーズンの対策について', '【重要】台風シーズンの対策について', 'IMPORTANT', FALSE, '2024-08-26 10:30:00'),
(103, '2024-08-28', '夏の終わりと秋の始まり - 季節の変わり目にご注意を', '夏の終わりと秋の始まり - 季節の変わり目にご注意を', 'GENERAL', FALSE, '2024-08-28 15:20:00'),
(104, '2024-08-30', '8月お疲れ様でした - 9月もよろしくお願いします', '8月お疲れ様でした - 9月もよろしくお願いします', 'GENERAL', FALSE, '2024-08-30 17:45:00'),
(105, '2024-09-02', '9月スタート - 秋の始まりです', '9月スタート - 秋の始まりです', 'GENERAL', FALSE, '2024-09-02 09:10:00'),
(106, '2024-09-05', '敬老の日イベントについて', '【お知らせ】敬老の日イベントについて', 'GENERAL', FALSE, '2024-09-05 12:20:00'),
(107, '2024-09-08', '秋の味覚を楽しもう - 休憩室に差し入れがあります', '秋の味覚を楽しもう - 休憩室に差し入れがあります', 'GENERAL', FALSE, '2024-09-08 14:45:00'),
(108, '2024-09-10', '秋の健康診断日程について', '【重要】秋の健康診断日程について', 'IMPORTANT', FALSE, '2024-09-10 11:35:00'),
(109, '2024-09-12', '中秋の名月のお知らせ - お月見を楽しみましょう', '中秋の名月のお知らせ - お月見を楽しみましょう', 'GENERAL', FALSE, '2024-09-12 16:00:00'),
(110, '2024-09-15', '敬老の日 - いつもありがとうございます', '敬老の日 - いつもありがとうございます', 'GENERAL', FALSE, '2024-09-15 10:55:00'),
(111, '2024-09-18', '10月度シフト調整について', '【お知らせ】10月度シフト調整について', 'GENERAL', FALSE, '2024-09-18 13:25:00'),
(112, '2024-09-20', '秋分の日 - 昼夜の長さが等しくなります', '秋分の日 - 昼夜の長さが等しくなります', 'GENERAL', FALSE, '2024-09-20 15:40:00'),
(113, '2024-09-22', 'インフルエンザ予防接種のご案内', '【重要】インフルエンザ予防接種のご案内', 'IMPORTANT', FALSE, '2024-09-22 09:50:00'),
(114, '2024-09-25', '秋の味覚祭り企画について - 美味しい季節到来', '秋の味覚祭り企画について - 美味しい季節到来', 'GENERAL', FALSE, '2024-09-25 12:15:00'),
(115, '2024-09-28', '9月最終週 - 10月に向けて準備しましょう', '9月最終週 - 10月に向けて準備しましょう', 'GENERAL', FALSE, '2024-09-28 14:30:00');

--
-- Dumping data for table stamp_history
--

INSERT INTO stamp_history (id, year, month, day, employee_id, in_time, out_time, update_employee_id, update_date) VALUES (1,'2025','03','18',3,'2024-09-17 20:44:00','2024-09-18 06:27:00',3,'2024-09-25 20:21:22'),(2,'2025','03','17',3,'2024-09-16 16:11:12','2024-09-16 17:11:12',4,'2024-09-16 17:11:12'),(3,'2025','03','16',3,NULL,'2024-09-16 06:11:12',3,'2024-09-16 06:11:12'),(4,'2025','03','13',3,NULL,'2024-09-13 06:11:12',3,'2024-09-17 21:41:36'),(5,'2025','03','20',2,'2024-09-19 06:00:11',NULL,29,'2024-09-18 17:49:27'),(8,'2025','03','21',3,'2024-09-21 04:06:20','2024-09-21 04:06:19',3,'2024-09-21 04:06:20'),(9,'2025','03','20',3,NULL,'2024-09-21 03:47:50',3,'2024-09-21 03:47:50'),(10,'2025','03','22',3,'2024-09-21 21:38:42','2024-09-21 21:38:41',3,'2024-09-21 21:38:43'),(11,'2025','02','01',3,'2024-07-31 16:11:12',NULL,29,'2024-09-18 06:27:12'),(12,'2024','02','01',3,'2024-07-31 16:11:12',NULL,4,'2024-09-18 06:27:12'),(13,'2025','03','01',3,'2024-08-31 18:56:00','2024-09-01 17:59:00',4,'2024-09-27 21:33:43'),(14,'2025','03','02',3,'2024-09-01 17:33:00','2024-09-01 20:05:00',3,'2024-09-25 20:21:17'),(15,'2025','03','03',3,'2024-09-02 07:02:00','2024-09-03 05:03:00',3,'2024-09-28 05:31:28'),(16,'2025','03','10',3,'2024-09-09 16:12:00','2024-09-10 16:11:00',3,'2024-09-25 20:32:07'),(17,'2025','03','01',5,'2024-08-31 18:33:00','2024-08-31 20:33:00',3,'2024-09-26 18:18:49'),(18,'2025','02','01',5,'2024-07-31 17:32:00','2024-08-01 16:33:00',3,'2024-09-25 20:34:12'),(19,'2025','02','29',5,'2024-08-28 22:34:00','2024-08-31 21:35:00',3,'2024-09-25 20:34:57'),(20,'2025','03','28',3,'2024-09-28 05:02:32','2024-09-28 05:02:34',3,'2024-09-28 05:02:35'),(21,'2025','03','01',4,'2024-09-01 05:00:00','2024-09-02 04:59:00',3,'2024-09-27 21:49:01'),(22,'2025','03','02',4,'2024-09-01 06:01:00','2024-09-02 06:00:00',3,'2024-09-27 21:49:37'),(23,'2025','03','27',3,NULL,'2024-09-28 05:02:36',3,'2024-09-28 05:02:36'),(24,'2025','06','18',3,'2024-12-18 03:19:55','2024-12-18 03:19:52',3,'2024-12-18 03:19:56'),(25,'2025','06','01',38,'2024-12-01 03:23:00','2024-12-01 03:24:00',3,'2024-12-18 03:21:54'),(26,'2025','08','10',3,'2025-02-09 19:49:08','2025-02-09 19:50:02',3,'2025-02-09 19:50:02'),(27,'2025','08','15',3,'2025-02-15 04:37:37','2025-02-15 04:41:41',3,'2025-02-15 04:25:41'),(28,'2025','10','01', 1, '2025-10-01 09:00:00','2025-10-01 18:00:00', 1, '2025-10-12 00:00:00'),(29,'2025','10','02', 1, '2025-10-02 09:15:00','2025-10-02 18:30:00', 1, '2025-10-12 00:00:00'),(30,'2025','10','03', 1, '2025-10-03 08:45:00','2025-10-03 17:45:00', 1, '2025-10-12 00:00:00'),(31,'2025','10','04', 1, '2025-10-04 09:00:00','2025-10-04 18:00:00', 1, '2025-10-12 00:00:00'),(32,'2025','10','07', 1, '2025-10-07 09:10:00','2025-10-07 18:20:00', 1, '2025-10-12 00:00:00'),(33,'2025','10','08', 1, '2025-10-08 09:00:00','2025-10-08 18:00:00', 1, '2025-10-12 00:00:00'),(34,'2025','10','09', 1, '2025-10-09 08:50:00','2025-10-09 17:50:00', 1, '2025-10-12 00:00:00'),(35,'2025','10','10', 1, '2025-10-10 09:05:00','2025-10-10 18:10:00', 1, '2025-10-12 00:00:00'),(36,'2025','10','11', 1, '2025-10-11 09:00:00','2025-10-11 18:00:00', 1, '2025-10-12 00:00:00');

SELECT setval('employee_id_seq', (SELECT MAX(id) FROM employee), true);
SELECT setval('log_history_id_seq', (SELECT MAX(id) FROM log_history), true);
SELECT setval('news_id_seq', (SELECT MAX(id) FROM news), true);
SELECT setval('stamp_history_id_seq', (SELECT MAX(id) FROM stamp_history), true);
